FirstName,LastName,Phone,Address
Delly,Jacks,+6 114 166 9866,3972 8th Parkway
Linoel,Hanny,+6 120 517 5284,27962 Tomscot Court
Goddard,MacGillreich,+6 185 168 9559,53217 Ridge Oak Park
Lorin,Scoterbosh,+6 145 110 5524,57 Lotheville Parkway
Lola,MacKeig,+6 124 291 1365,822 Independence Terrace
Jesselyn,Elldred,+6 169 962 9679,83 Lakeland Avenue
Tana,Grasser,+6 136 602 9913,729 Dorton Lane
Oralie,Semor,+6 190 772 1195,9806 Gina Hill
Rycca,Kittredge,+6 195 684 9359,38 Pierstorff Parkway
Deeanne,Sprowell,+6 154 835 0767,74 Muir Lane
Jody,Schrei,+6 123 699 9938,89398 Becker Park
Susi,Zecchi,+6 157 241 5600,99 John Wall Drive
Corry,Wattinham,+6 172 984 4330,717 Bashford Street
Hedvige,Spurritt,+6 140 252 8792,0426 Donald Hill
Chryste,Hattoe,+6 111 450 9849,6893 Rutledge Plaza
Bartram,Zannotti,+6 108 460 6920,7 Mallard Hill
Abba,Killingbeck,+6 110 986 8668,781 Randy Center
Erie,Arpino,+6 165 162 5580,469 Maple Park
Andeee,Dahlborg,+6 193 802 1905,8 Gerald Place
Em,Chasney,+6 148 570 7514,942 Scoville Plaza
Maison,Simmig,+6 176 548 2982,1449 Boyd Plaza
Erich,Duce,+6 118 363 2213,4 Division Point
Bogey,Turneux,+6 158 241 7161,20804 Derek Hill
Aileen,Columbine,+6 116 591 2788,3757 Loeprich Way
Nathan,Brace,+6 132 619 8284,782 Banding Lane
Wally,Solomonides,+6 110 685 0879,80547 Mallard Crossing
Maggy,Beaze,+6 184 673 9839,48 Milwaukee Circle
Lucio,Maase,+6 197 358 2372,65 Kedzie Lane
Hobart,Simonato,+6 168 465 3908,3 Nancy Center
Grace,Lavarack,+6 164 862 4240,1429 Kings Road
Conrado,Tytterton,+6 106 193 3296,8475 Grover Crossing
Hayes,Allenson,+6 133 881 0901,137 Riverside Trail
Bartolomeo,Darton,+6 134 868 2191,846 South Avenue
Garrott,Tiley,+6 140 220 7605,421 Stuart Way
Pammie,Duny,+6 170 394 8494,5 Anhalt Terrace
Lynelle,Fieldgate,+6 108 162 1398,9 Twin Pines Circle
Alva,Welling,+6 175 423 7779,1 Duke Place
Alec,Ansett,+6 153 866 4475,83247 Cottonwood Parkway
Dorena,Cayzer,+6 189 162 3849,49 Mayer Terrace
Issi,Urquhart,+6 129 478 4981,0882 Helena Drive
Adolpho,Lukesch,+6 167 751 7247,540 Manley Place
Iseabal,Limmer,+6 146 394 8482,2 Starling Way
Alicea,Beattie,+6 131 182 4584,65513 Pawling Circle
Grannie,Riddoch,+6 190 869 6097,33 Ridge Oak Avenue
Jackson,Duthie,+6 180 980 3198,180 Upham Terrace
Paco,Clemmensen,+6 171 386 8697,2634 Sage Junction
Reena,Doody,+6 196 259 1965,3 Karstens Lane
Waylan,Rasor,+6 165 339 0339,19443 Cardinal Alley
Smitty,McIlmurray,+6 149 934 8516,2137 Hallows Avenue
Anica,Blincow,+6 123 963 2038,423 Badeau Center
Arv,Davidsson,+6 188 209 1711,6 Crescent Oaks Trail
Von,Pitcher,+6 196 885 2666,10161 Mcguire Street
Darnall,Balasin,+6 190 246 4663,19126 Norway Maple Trail
Darn,Gooda,+6 174 201 5234,15 Sloan Trail
Coralyn,Lukasik,+6 154 926 3006,83322 Arkansas Circle
Scott,Bootland,+6 179 499 6619,773 Crescent Oaks Terrace
Ravid,Walls,+6 179 927 9272,65617 Shopko Circle
Ulrike,Reach,+6 155 577 3066,34019 Fordem Parkway
Charil,Falk,+6 169 117 2118,1 Thompson Street
Carine,Fussie,+6 191 120 9635,84788 Brickson Park Plaza
Elise,Goose,+6 184 100 3111,895 Gerald Parkway
Anna,Neeson,+6 161 920 3522,7614 Lillian Road
Mitchell,Cockrem,+6 152 760 3593,617 Valley Edge Road
Malachi,Jansa,+6 176 171 0699,35 Vernon Plaza
Gib,Macartney,+6 168 248 2808,3863 Farwell Alley
Toby,Levi,+6 167 533 9152,517 Holmberg Crossing
Virgie,O'Loughnan,+6 131 545 8355,3 Bobwhite Hill
Nero,Rengger,+6 158 557 0250,6 Ridge Oak Trail
Clarisse,Dummer,+6 169 635 8486,4 Bartelt Drive
Vilma,Jacketts,+6 104 275 1211,3 Longview Avenue
Una,Capsey,+6 135 784 8257,1 Fair Oaks Crossing
Ogdon,Riccard,+6 157 113 8200,410 Warrior Junction
Gar,Tynnan,+6 180 671 5236,2953 Bartillon Junction
Conan,Hatliffe,+6 135 240 7329,6791 Manley Lane
Cam,Alwen,+6 140 964 6443,10 Havey Avenue
Philbert,Penzer,+6 111 995 1358,103 Kipling Junction
Wendeline,Courtois,+6 135 707 2076,40 Warner Trail
Barthel,Hargreaves,+6 152 595 0923,606 Tomscot Way
Pat,Huke,+6 100 673 3489,13 Mallard Place
Annora,Allanby,+6 137 444 7662,7 Service Point
Nester,Liverseege,+6 109 208 2689,8496 Bellgrove Park
Marni,Wooddisse,+6 166 549 4846,7093 Mallard Plaza
Odetta,Hollerin,+6 136 635 8568,4283 Shopko Parkway
Evie,Lowrie,+6 109 722 3986,7017 Sauthoff Way
Thedrick,Giovannetti,+6 136 789 2223,91293 Sage Alley
Dosi,Velasquez,+6 148 710 8586,74752 Susan Trail
Shandee,Carlile,+6 104 814 4867,81959 Jay Park
Kenyon,Castillou,+6 167 476 0319,747 American Ash Parkway
Leandra,Tremblay,+6 101 266 2139,9 Killdeer Crossing
Cullie,Gromley,+6 129 722 9813,6 Forest Run Park
Margareta,Dundredge,+6 124 556 0938,37122 Granby Center
Ricardo,William,+6 136 617 9199,17830 Cherokee Hill
Kala,Bamsey,+6 105 619 7711,17 Tony Court
Clio,Oiseau,+6 134 491 6333,21571 Grim Avenue
Katherine,Jillett,+6 143 537 0573,11 Truax Avenue
Blanch,Ruberti,+6 126 201 3091,36909 Debra Trail
Hale,Brickdale,+6 123 697 8047,575 Schmedeman Street
Luigi,Franschini,+6 180 491 9063,3266 Twin Pines Hill
Nappy,Colquit,+6 133 960 4431,95 Hayes Avenue
Idalina,Caldairou,+6 143 880 7769,2 Lighthouse Bay Plaza
Therine,Gioani,+6 191 185 7196,21005 Merrick Hill
Leslie,Headon,+6 149 954 2477,513 Roth Alley
Roth,Sancto,+6 148 588 2007,62 Melby Court
Wilmette,Hills,+6 159 840 4578,59 Upham Pass
Gary,Teck,+6 123 818 3775,19 High Crossing Crossing
Rachelle,Sidary,+6 183 366 7370,5113 Butternut Street
Adriano,Yanukhin,+6 166 861 2567,89522 Quincy Pass
Georgine,Privost,+6 119 758 7002,9605 Muir Lane
Ruth,Rymmer,+6 164 681 3077,93 Warbler Road
Neale,Sockell,+6 192 709 4360,244 American Ash Crossing
Nadya,Dulwich,+6 155 243 6169,766 Burning Wood Park
Wayne,Adamsson,+6 152 834 9207,366 Marquette Center
Arri,Bales,+6 153 333 6020,2 Boyd Road
Webb,Boal,+6 112 131 0116,5377 Lawn Circle
Leodora,Loisi,+6 149 577 7234,916 Lakewood Gardens Terrace
Valenka,Liggett,+6 106 623 7464,9 Swallow Avenue
Garnet,Beldan,+6 187 516 7331,8401 Westport Point
Mahalia,Marchand,+6 128 273 7022,50 Bellgrove Lane
Jolie,Waywell,+6 133 460 8403,3 Sachtjen Point
Ulberto,McCathay,+6 180 200 3337,57 Heffernan Drive
Jerry,Kenforth,+6 161 292 5393,90814 Shelley Plaza
Walden,Beacroft,+6 188 332 4875,61 Daystar Point
Huntington,Argrave,+6 124 213 2979,24 Pankratz Center
Arturo,Udden,+6 103 173 2382,1233 Porter Crossing
Teresina,Deabill,+6 129 111 1955,46 Nelson Terrace
Hurlee,Vanichev,+6 166 186 6612,85117 Clemons Park
Ambrose,Filipov,+6 199 118 5228,9030 Westport Center
Adelind,Tohill,+6 196 385 8547,3794 Ludington Court
Kelsi,Soitoux,+6 138 878 8346,9765 Stuart Street
Lemuel,Crews,+6 136 368 5357,9 Fulton Crossing
Lesly,Annand,+6 155 619 4855,26278 7th Road
Octavius,Nicholson,+6 172 403 2447,53 Stuart Junction
Franky,Woodfin,+6 155 837 8297,7 Golf Course Lane
Hermia,Trippett,+6 104 967 7212,7 Golden Leaf Hill
Laverna,Grouse,+6 131 146 7010,1828 Schmedeman Parkway
Juliane,Strivens,+6 115 918 5870,7 Mccormick Terrace
Faunie,Gilsthorpe,+6 152 600 4640,7705 Susan Place
Dario,Haverson,+6 112 961 1638,89 Esch Point
Wendel,Duffyn,+6 175 658 3706,7 Westerfield Street
Feodora,Gardiner,+6 118 147 2333,43810 Burning Wood Circle
Tabbie,Memmory,+6 172 273 0230,20 Westerfield Drive
Trudey,Jeanon,+6 193 912 7000,68 Katie Park
Doroteya,Heijne,+6 162 217 8166,188 Carey Place
Neille,Heijnen,+6 106 856 2711,1 Loeprich Plaza
Xaviera,Gercken,+6 184 796 5466,29 Brentwood Center
Olin,Scala,+6 170 447 0860,582 Scoville Road
Phylis,Jerke,+6 152 471 2393,0066 Ridgeway Alley
Alejandro,L'Homme,+6 100 640 8605,8136 Londonderry Alley
Aviva,Keward,+6 129 329 9397,9297 Huxley Lane
Chaddy,Plumbley,+6 115 701 5236,50676 Riverside Junction
Jarrett,Styant,+6 135 703 8008,61 Boyd Center
Bogey,Kohrt,+6 187 707 1274,7 Holy Cross Road
Merralee,Badland,+6 117 413 1407,37 Browning Court
Aviva,Stollman,+6 132 127 0643,8026 8th Pass
Cherianne,Fairest,+6 129 712 1827,1342 Carioca Pass
Lauree,Whimpenny,+6 158 701 0824,81 Sutteridge Parkway
Salomo,Cockill,+6 124 989 7445,836 Wayridge Crossing
Edithe,Jerome,+6 110 432 9231,9 Saint Paul Parkway
Brand,Besque,+6 185 246 9913,53 Dapin Point
Karie,Manie,+6 101 639 8014,2 Farragut Junction
Federico,Urch,+6 156 376 7910,3352 Reinke Crossing
Pip,Kinsey,+6 145 960 8724,002 Manufacturers Alley
Wylma,Cymper,+6 195 386 5053,9003 Arkansas Street
Maynord,Stiggers,+6 170 640 5696,37 Blue Bill Park Center
Beverlee,Thomasen,+6 133 313 2260,2498 Londonderry Drive
Netti,Fortey,+6 162 150 8031,487 American Drive
Rosette,Eyes,+6 114 738 5992,8996 Gale Parkway
Sonny,Goodie,+6 139 895 7994,1958 Maple Center
Tracee,Boylan,+6 189 575 4718,35569 Hazelcrest Street
Eziechiele,Giovanni,+6 188 981 9133,99993 Memorial Plaza
Alon,Laetham,+6 122 602 9441,37 Heath Road
Gale,Ritchman,+6 170 334 1432,90 Knutson Court
Brana,Noke,+6 135 692 8996,60 Hansons Trail
Mahmud,Redihough,+6 129 255 9934,9 Ramsey Road
Cobby,Breeds,+6 176 727 1858,98 Old Shore Trail
Jacintha,Argo,+6 191 379 2044,82359 Pawling Alley
Zedekiah,Shakesbye,+6 154 750 5699,510 Crescent Oaks Lane
Pippa,MacAleese,+6 130 272 2392,1645 Barby Street
Konstantine,Rumke,+6 122 471 5050,0706 Talmadge Park
Constance,McIndoe,+6 195 769 6401,63 Brickson Park Street
Charline,Hanscombe,+6 166 327 2124,1 Brown Way
Niki,Took,+6 146 571 1959,3 Alpine Court
Cristi,Trout,+6 129 816 8480,17 Michigan Alley
Briney,Briance,+6 117 254 5395,05 Heath Crossing
Alvin,Gimblet,+6 198 465 0501,92096 Corben Center
Riley,Belward,+6 100 774 7422,669 Bunker Hill Alley
Woodman,Rawes,+6 198 818 2921,2 Buena Vista Parkway
Jayme,Vaux,+6 118 830 3971,1 Elmside Junction
Maudie,Probey,+6 188 493 7740,28247 Petterle Hill
Cash,Woodman,+6 122 790 9280,52227 West Circle
Ardys,Sirr,+6 167 928 3181,3 Blue Bill Park Road
Kilian,Bucham,+6 146 511 3673,24009 Messerschmidt Avenue
Carissa,Hann,+6 103 125 9052,338 Mendota Road
Meggie,Spellicy,+6 125 178 0899,589 Oak Plaza
Quinta,Rouge,+6 178 842 5119,1693 Arkansas Center
Glynn,Rosone,+6 146 892 0778,65 Northland Center
Madeline,Cockson,+6 154 872 4418,93310 Maywood Park
Berthe,Greeveson,+6 166 577 5978,40 Iowa Road
Jeane,Sancho,+6 174 389 4218,2 Di Loreto Circle
Spike,Keat,+6 114 534 2081,9469 Colorado Way
Denver,Bumpus,+6 130 557 0250,13953 Ryan Road
Lizbeth,Lundberg,+6 146 442 9128,38910 Dixon Plaza
Shamus,Frankiss,+6 160 543 4974,21841 Victoria Drive
Phillis,Stolle,+6 105 122 2480,7 Mayfield Crossing
Abey,Kleuer,+6 119 517 5009,02899 Lotheville Drive
Sasha,Eversfield,+6 173 998 2485,82449 Badeau Way
Melantha,Wethers,+6 178 962 0754,6 Division Junction
Engelbert,Wallentin,+6 130 928 4826,0780 Debra Crossing
Pearline,Dowglass,+6 177 529 3746,5002 Dorton Crossing
Chelsea,Annies,+6 107 159 0869,658 Springs Way
Merilee,Pulley,+6 104 696 4594,4746 Northland Avenue
Mellisa,Pinkard,+6 182 921 8226,89287 Acker Lane
Petronilla,Nussgen,+6 122 452 9744,050 Hintze Road
Phillip,Spieck,+6 154 128 6422,82 Sommers Lane
Angelita,Witz,+6 126 980 9365,8 Huxley Avenue
Babbie,Myrtle,+6 101 322 6168,4474 Iowa Crossing
Giana,Revington,+6 198 191 3546,7749 Rigney Circle
Windham,Hallward,+6 128 513 8151,1270 Chinook Plaza
Daryn,O'Dowling,+6 131 188 3185,9065 Hudson Park
Lilllie,Holton,+6 156 832 6664,546 Summit Parkway
Fairlie,Karlsen,+6 161 519 5890,531 Pearson Avenue
Colene,Axelbey,+6 181 712 2232,382 Kenwood Center
Kaitlyn,Edgeler,+6 107 488 5650,2453 Esch Point
Flin,Cattermoul,+6 128 395 5905,6 Sunbrook Terrace
Francisco,Doudney,+6 135 926 1496,6028 Mallard Place
Davine,Persicke,+6 114 301 7228,268 Kensington Terrace
Trina,Juden,+6 137 242 4552,1 Transport Circle
Bette,Bogart,+6 119 226 9232,1 Vermont Center
Vinnie,Merriday,+6 172 958 6031,5664 2nd Junction
Leonelle,Montier,+6 156 820 8291,779 Elgar Street
Simon,Weatherburn,+6 103 356 4478,156 Killdeer Hill
Nikos,Dufour,+6 178 488 9704,4511 Cordelia Junction
Jephthah,Westwood,+6 154 968 4962,50 Sommers Drive
Deina,Pinkney,+6 136 764 3092,24621 Arrowood Lane
Federica,Cottu,+6 120 905 4884,4 Caliangt Hill
Eilis,Capoun,+6 123 428 3654,98855 Fuller Hill
Austin,Wyness,+6 126 444 6660,60 Badeau Road
Randolph,Hawkswood,+6 140 932 5520,62172 Hovde Circle
Robbie,Rarity,+6 142 207 6078,99010 Eggendart Pass
Maurise,Ripon,+6 180 428 7051,11 Canary Way
Salaidh,Meyrick,+6 194 724 9797,8 Utah Point
Nanete,Dwelling,+6 162 313 6562,9973 Fordem Road
Mitzi,Eustis,+6 176 170 7646,35263 Blue Bill Park Road
Minta,Rapley,+6 177 742 2092,9626 Namekagon Pass
Alexi,Oldford,+6 162 445 5693,78274 Parkside Point
Helen-elizabeth,Fyers,+6 142 909 7812,9151 Eggendart Hill
Roberta,Ashton,+6 187 991 0954,047 Westridge Way
Lucy,Jillings,+6 164 891 1681,63 Straubel Point
Florette,Drugan,+6 146 997 6349,9 Blackbird Park
Adan,Arents,+6 121 464 4969,89 4th Street
Clayborne,Clissett,+6 156 842 0978,6618 Lakeland Pass
Marv,Caslin,+6 139 788 6571,5703 Stoughton Pass
Elly,De La Salle,+6 107 749 0948,1547 1st Court
Fredek,Atling,+6 155 930 6901,9 Bashford Drive
Giustina,Feige,+6 131 504 8911,3861 Service Lane
Billi,Deakins,+6 153 301 5676,05504 Sunfield Way
Angela,Mitchelhill,+6 142 171 3975,68 Warbler Alley
Drusy,Lippitt,+6 180 734 8583,6 Spaight Circle
Terese,Elmhirst,+6 141 940 1336,93 Kropf Drive
Helaine,Tattersill,+6 101 209 2578,8056 Texas Crossing
Melesa,Cheney,+6 173 424 9511,27739 Moose Road
Marnia,Geroldini,+6 146 188 8455,1 Lake View Street
Raddy,Berk,+6 172 158 1464,7 Sachs Parkway
Barnie,Drinkeld,+6 126 161 6307,324 Kinsman Point
Cati,Joselin,+6 197 644 4771,510 Monument Point
Essa,Priddy,+6 132 896 7644,95792 Northfield Lane
Pen,Richardeau,+6 146 220 9817,05355 Lawn Circle
Giana,Callinan,+6 107 833 5816,5 Westend Street
Ewell,Hawe,+6 134 876 1567,15 Pawling Hill
Erwin,Cardus,+6 179 618 1187,293 Goodland Drive
John,Machent,+6 115 365 9306,20 Hoard Drive
Griffith,Arent,+6 147 492 9249,5 Evergreen Plaza
Janaya,Penlington,+6 183 690 5209,8951 Jana Junction
Aaren,Allbut,+6 157 619 4511,34715 Kings Hill
Noellyn,Gendricke,+6 172 455 7361,29 Myrtle Alley
Beilul,Langston,+6 102 254 5713,68 Sunfield Way
Remus,Trousdell,+6 102 899 4798,8 Dahle Place
Collette,Ruggen,+6 164 598 3274,9823 Lakewood Trail
Evelina,Fareweather,+6 107 346 2619,4559 Northwestern Circle
Cherey,Sinson,+6 111 566 5511,8 Schiller Lane
Benoit,Bottinelli,+6 173 486 1858,9 Sloan Court
Vasilis,Dorracott,+6 124 504 5290,91 7th Way
Anderea,Tomaszek,+6 111 475 6050,4 Fremont Terrace
Aigneis,Bassilashvili,+6 108 671 0862,0708 Jana Point
Loren,Sore,+6 117 795 2295,513 Sutherland Pass
Lea,Dallywater,+6 128 267 6063,56530 Pleasure Court
Gustavo,Seemmonds,+6 166 773 5369,4 Eagle Crest Junction
Hamil,Ashe,+6 197 769 1368,26 Warbler Crossing
Karry,Grimwood,+6 192 104 1461,24017 Sundown Trail
Sylvan,Simoes,+6 106 629 3024,9 Green Ridge Road
Gregorio,Bodill,+6 145 249 9571,2 Gateway Junction
Marten,Renfield,+6 137 224 1137,46229 Trailsway Circle
Forrest,McIlenna,+6 141 257 0769,4103 Independence Lane
Morganne,Kerner,+6 194 406 9170,46 Morningstar Point
Fan,Island,+6 179 417 4495,126 Basil Avenue
Faustine,Hartland,+6 199 103 0457,45084 Fisk Trail
Bernardo,Goaks,+6 131 646 1627,6 Eliot Trail
Julita,Voyce,+6 145 204 6271,9 Hermina Street
Coretta,Fanshawe,+6 116 854 8839,6 Comanche Road
Prince,Gregoraci,+6 108 134 7175,4115 Sachtjen Terrace
Kimberley,O'Duggan,+6 101 430 6684,42580 South Trail
Poppy,Concannon,+6 108 114 1739,73986 Northview Plaza
Alvina,Burns,+6 169 453 0949,253 Northridge Plaza
Solly,Bowdery,+6 197 765 4713,17 Lyons Circle
Olag,Trewin,+6 165 487 7192,959 Boyd Park
Lulita,Lumb,+6 185 850 6975,9406 Mallory Alley
Ophelia,McIlenna,+6 130 965 6094,41 Mosinee Plaza
Bernita,Luton,+6 108 978 6431,54 Parkside Alley
Emery,Kenaway,+6 183 683 6747,566 South Hill
Rutledge,Spires,+6 142 234 2023,427 Larry Avenue
Alejoa,Toderi,+6 158 500 1378,5123 Butterfield Lane
Elwira,Sivorn,+6 107 628 6036,84 Randy Pass
Milli,Hauck,+6 142 782 2615,1 Vera Parkway
Otha,Baddoe,+6 182 424 3418,279 Huxley Court
Annora,O'Neill,+6 144 549 0871,1 West Terrace
Jerrie,Guare,+6 141 368 3812,2520 Mariners Cove Circle
Maggi,Maes,+6 102 328 9533,68 Sullivan Trail
Astrix,McCurt,+6 184 204 3304,524 Dunning Junction
Simon,Copcott,+6 110 886 1180,520 Kennedy Trail
Kaycee,Alderson,+6 136 846 7091,1914 Nevada Hill
Cathie,Derycot,+6 186 675 2605,6 Mifflin Trail
Brigid,Smickle,+6 145 134 0292,3 Ridgeway Point
Terese,Rotchell,+6 128 818 6177,4485 Sugar Place
Loretta,O'Cannon,+6 180 872 5842,10 Mallory Lane
Shell,Ahern,+6 167 294 1707,118 Brentwood Drive
Katrinka,Bleas,+6 158 180 5967,699 Vermont Lane
Cassie,Lampel,+6 149 199 9779,2016 Nova Crossing
Sigismond,Whitton,+6 163 746 0917,86 Ridge Oak Alley
Joeann,Orsman,+6 172 109 7386,1331 Northfield Court
Skelly,Woliter,+6 180 523 9345,96874 Valley Edge Parkway
Dacey,Lightbown,+6 166 285 5492,52 Glacier Hill Plaza
Georgianna,Lowndes,+6 130 780 7619,5429 Elgar Way
Konstanze,Fritz,+6 182 942 1585,59374 Northview Way
Jamill,Plumm,+6 173 979 6837,31 Cascade Junction
Freddy,Amery,+6 113 131 5740,941 Express Court
Filberto,Bodham,+6 132 149 5200,36 Eastlawn Drive
Weston,Jagoe,+6 130 118 2463,51403 Brown Park
Aurora,Craney,+6 121 903 1247,18 Killdeer Place
Laurence,Whyte,+6 118 179 9310,879 Coolidge Street
Giraldo,Bonas,+6 199 850 5550,90 Morningstar Way
Kaye,Pieracci,+6 126 439 7441,66179 Westport Street
Taddeusz,Pearcey,+6 119 523 4592,8 Shopko Center
Joline,Bunclark,+6 124 932 7251,56 Chive Point
Westbrook,Lotte,+6 163 367 4413,4 Mallory Circle
Emanuel,Westney,+6 167 873 0414,6357 Huxley Way
Giraldo,Gomm,+6 156 832 2530,94 Iowa Avenue
Toinette,Ennion,+6 162 407 7682,29 Harbort Center
Vincenz,Muirden,+6 175 121 9963,020 Monica Park
Patrica,Bezley,+6 159 479 8081,849 Manitowish Drive
Vilhelmina,Coope,+6 181 910 9204,11109 Aberg Junction
Floris,Ommundsen,+6 105 653 4890,91 Grasskamp Plaza
Gayleen,Gipp,+6 115 256 8246,164 Granby Drive
Ivory,Oran,+6 169 735 1328,5 Comanche Junction
Hermione,Ballintime,+6 140 158 9093,94 Truax Street
Hodge,Francke,+6 129 562 5456,9731 Acker Court
Kelli,Bartoloma,+6 144 697 4458,3434 Nobel Alley
Marty,Medlen,+6 107 605 1244,10 Carioca Place
Faun,Guillford,+6 156 533 9999,4357 Oak Way
Othilie,Hirjak,+6 127 933 3175,66 Green Ridge Place
Wyatan,Speir,+6 177 873 0219,3954 Eliot Road
Suzi,Davidsson,+6 142 904 3741,5 Algoma Point
Masha,Bartle,+6 141 863 4130,28678 Straubel Lane
Emmey,Pudsey,+6 165 562 1610,15 Arizona Street
Mic,Crunkhurn,+6 103 443 0457,05609 Shopko Circle
Annetta,Liddon,+6 187 430 5416,6034 Ramsey Trail
Levey,Bearfoot,+6 175 659 5750,4054 Artisan Avenue
Miguela,Calkin,+6 155 551 9792,9923 Lindbergh Place
Ty,Errigo,+6 116 448 0287,7515 Melrose Park
Hetty,Warder,+6 199 690 2382,5 Little Fleur Plaza
Morgan,Solomonides,+6 131 106 3973,65 Kennedy Circle
Wendie,Keneleyside,+6 100 598 6512,5 Burning Wood Plaza
Emory,Oxterby,+6 127 684 7678,74223 Commercial Place
Onfre,Ruddiman,+6 116 587 0807,56461 Blue Bill Park Circle
Tull,Parvin,+6 162 263 4330,03404 Almo Center
Otis,Gurton,+6 121 326 1812,27619 Eliot Way
Arny,Brew,+6 182 223 3977,341 Haas Park
Katheryn,Pourvoieur,+6 130 715 7805,76 5th Avenue
Rosabelle,MacConnal,+6 127 935 1848,5 Express Trail
Deina,Jiggle,+6 187 740 6137,29 Dexter Alley
Tobie,Dullaghan,+6 190 587 7399,98939 Susan Park
Durante,Delgardillo,+6 184 449 7015,29 Grayhawk Crossing
Emmye,Raunds,+6 148 336 5230,66 Waubesa Place
Theodora,Beentjes,+6 145 531 7252,5 Darwin Trail
Berenice,Lantaph,+6 144 288 3357,636 Bartillon Lane
Abbie,Chevolleau,+6 152 864 1319,39245 Beilfuss Park
Euell,Wraight,+6 153 139 0643,531 Rigney Park
Vance,Treweke,+6 144 732 6465,051 Lillian Center
Ailee,Chillingsworth,+6 196 888 4567,2277 Reinke Circle
Nanci,Parmeter,+6 160 946 9583,9 Kedzie Junction
Tamarra,Begley,+6 129 970 5028,883 Upham Pass
Chaddy,Gallehawk,+6 106 842 8689,21768 Lotheville Junction
Jacky,Hullock,+6 100 492 1002,275 Bartillon Trail
Sammy,Ayre,+6 121 750 0473,7250 Dixon Plaza
Kristian,De la Perrelle,+6 117 249 0223,84131 Bunting Center
Tine,Wiffler,+6 112 696 0813,693 Holmberg Point
Dante,Dumbleton,+6 173 213 6620,99641 Killdeer Trail
Rebekah,Aspell,+6 196 306 4968,636 Northland Avenue
Ophelie,Welsby,+6 162 504 7737,8038 Roth Parkway
Vito,Reggio,+6 181 855 8305,90 Sycamore Drive
Owen,O'Kieran,+6 167 504 8547,89088 Calypso Alley
Dougie,Barensen,+6 137 501 5890,6 Kensington Center
Doro,Ambrodi,+6 139 629 5833,7482 Summerview Road
Lev,Marien,+6 132 883 3952,02614 Lerdahl Crossing
Davey,Arnaudet,+6 100 649 3909,55 Ronald Regan Center
Dave,Kiehnlt,+6 149 170 7787,271 Dorton Trail
Erin,Gibke,+6 182 139 8585,888 Westend Place
Cooper,Thackston,+6 173 550 1263,434 Division Place
Verla,Rosi,+6 123 556 9179,58 Rutledge Alley
Sibel,Pococke,+6 128 471 3121,022 Springview Street
Agnese,Sarra,+6 144 734 3360,5 Birchwood Parkway
Petey,Baynard,+6 175 822 2762,951 Basil Plaza
Allianora,Bitchener,+6 145 583 2841,127 Kim Way
Fina,Bus,+6 147 939 0018,10988 Vernon Trail
Maurits,Kasman,+6 131 250 6453,7154 Paget Court
Chris,Seyfart,+6 172 651 8672,4145 Loeprich Hill
Igor,Ailsbury,+6 113 177 8117,34 Reinke Junction
Chlo,Gorges,+6 161 277 7363,79 Dorton Avenue
Leila,Lucock,+6 131 473 3265,33876 Ohio Terrace
Fayina,Van der Hoeven,+6 161 674 0891,762 Hauk Alley
Peterus,Dionisetti,+6 179 310 9008,651 Melody Street
Stevie,Hinsch,+6 199 980 3339,58 Columbus Court
Johny,Seamon,+6 176 375 8523,05312 Superior Plaza
Bradley,Ivers,+6 195 881 9802,719 Mallory Parkway
Harvey,O'Mullaney,+6 186 118 6195,4059 Iowa Crossing
Norris,Cocksedge,+6 197 890 3723,282 Drewry Way
Philomena,McCuaig,+6 136 224 0737,93 Dawn Way
Mathilde,Junkinson,+6 122 461 2518,110 Sunfield Terrace
Carling,Richten,+6 136 107 3940,31 Continental Drive
Teodorico,Kasbye,+6 152 258 8804,6663 Calypso Way
Terrye,Henden,+6 163 156 9983,46332 Graedel Court
Austine,Moulden,+6 145 981 6322,66372 Blaine Circle
Korella,Donahue,+6 122 914 2747,80077 New Castle Parkway
Cyndia,Briscoe,+6 173 191 1266,431 Thompson Junction
Candi,Farman,+6 123 617 5304,8930 Moland Hill
Nola,Myhan,+6 184 412 8564,93 Evergreen Point
Nerty,Keaves,+6 149 737 7237,386 Erie Crossing
Inglis,Benning,+6 148 773 2825,7888 Marquette Avenue
Carmine,Darkins,+6 129 110 8213,346 Sullivan Alley
Penni,Wollaston,+6 141 339 9228,534 Derek Circle
Rick,Dyzart,+6 127 549 2263,77363 Sachs Park
Meredeth,Sange,+6 178 116 8255,4 Sullivan Plaza
Baird,Darkins,+6 129 283 1575,005 Stuart Lane
Heinrick,Cordel,+6 154 954 5598,52 Jenna Center
Amalee,Clace,+6 110 408 9834,9 Corry Plaza
Daron,Hearmon,+6 109 574 1850,34 Redwing Plaza
Lonni,Paddingdon,+6 158 305 4397,58 Lawn Place
Harlen,Burnett,+6 182 827 1148,251 Bunker Hill Lane
Rachele,Alessandretti,+6 183 394 2226,79 Haas Point
Phebe,Offiler,+6 121 936 7886,6 Aberg Point
Diane,Rosenblum,+6 180 484 3084,588 Morrow Alley
Tabbie,Loudian,+6 172 428 1948,41 Coolidge Terrace
Lewiss,Beartup,+6 192 138 0354,1 Kipling Pass
Jonie,Gluyas,+6 123 641 9969,249 Blackbird Crossing
Caitlin,Roussel,+6 148 159 8919,27 Mayfield Circle
Vanda,Worsalls,+6 185 661 6630,2 Karstens Junction
Maddy,Studders,+6 161 245 6732,68323 Fieldstone Parkway
Allianora,Sturdey,+6 193 984 4963,288 Maple Pass
Elvyn,Tanser,+6 104 633 4172,4 Gerald Crossing
Filip,Fritschel,+6 199 428 2449,715 Crowley Alley
Karola,Seyers,+6 101 748 4251,2007 Del Mar Junction
Eveline,Whate,+6 163 809 8961,3 Hovde Crossing
Elysha,Rouke,+6 163 427 5211,34491 Wayridge Road
Bethanne,Vick,+6 124 880 7623,49106 Cottonwood Terrace
Malinde,Ellin,+6 192 403 4452,4456 Carey Place
Grannie,Carluccio,+6 100 423 4176,0488 Nevada Way
Randy,MacGiffin,+6 137 133 2006,30 Columbus Trail
Codi,Simpkiss,+6 124 817 7038,617 Fair Oaks Plaza
Barnie,Anger,+6 176 906 5755,12 Stone Corner Plaza
Teresita,Brockwell,+6 105 384 7399,453 Carioca Parkway
Jeth,Jendrassik,+6 142 503 8188,3437 Shopko Park
Robbi,Fredson,+6 120 946 6596,069 Lyons Trail
Lesley,Zettoi,+6 133 829 0844,609 Blackbird Road
Chev,Yosselevitch,+6 136 867 8913,6439 Blue Bill Park Park
Joly,McConway,+6 134 346 5300,1 Westerfield Drive
Sandi,McDunlevy,+6 186 850 5497,7 Eagle Crest Point
Mavra,Empson,+6 122 652 0728,1323 Duke Point
Dunc,Klausen,+6 185 662 2804,07 Hintze Circle
Malinde,Cammoile,+6 121 777 4087,3 Charing Cross Pass
Fleurette,Manthroppe,+6 117 267 6488,3 Eagan Junction
Zorah,Causbey,+6 108 874 9002,33 Fairview Junction
Teodoro,Tilling,+6 145 678 7906,5 Maple Alley
Palm,Ridesdale,+6 115 947 4740,6287 Division Plaza
Chilton,Labrom,+6 124 406 5211,7454 Spenser Avenue
Matty,Britland,+6 184 748 6745,4598 Center Hill
Rica,Dyte,+6 163 650 9108,9345 International Pass
Krystal,Bratt,+6 111 560 5494,38 Village Court
Emilie,Maffezzoli,+6 131 873 5468,6 Northridge Place
Linc,Vazquez,+6 140 471 1767,72409 Twin Pines Alley
Corrina,Bernhardt,+6 166 249 7279,9566 Jenna Drive
Kendall,Hinkes,+6 199 498 9387,18680 2nd Avenue
Hanni,Piddick,+6 137 712 2269,893 Porter Crossing
Ephrem,Laminman,+6 132 694 2145,06 Laurel Point
Egor,Meiklejohn,+6 106 725 7846,41 Farmco Avenue
Trev,Chipps,+6 191 614 2333,87149 Hauk Parkway
Donnamarie,Unsworth,+6 122 927 0375,6317 Mcbride Junction
Hashim,Giblett,+6 126 924 3513,4494 Dixon Drive
Etienne,Rielly,+6 160 634 5631,1031 Kropf Avenue
Tamar,Knutton,+6 182 130 9383,1 Bartillon Court
Anatole,Prayer,+6 121 132 6405,38 Annamark Drive
Erika,Broadbury,+6 127 812 3908,43065 Spenser Center
Kimberlyn,Ebbitt,+6 150 609 5814,660 Corscot Hill
Zaccaria,Dailey,+6 122 824 9034,1315 Morning Street
Nicole,Deeney,+6 145 307 7345,94 Dwight Hill
Leona,Laden,+6 167 353 1483,82213 Thompson Lane
Carlin,Creasey,+6 108 600 5432,99 Marcy Plaza
Frans,Kosiada,+6 182 453 6959,6074 Manley Street
Benny,Vaux,+6 180 896 7467,2598 Buena Vista Lane
Garret,Folley,+6 157 644 8265,57 Little Fleur Point
Joanne,Lackemann,+6 176 398 6163,5 Loftsgordon Parkway
Paul,Choak,+6 149 868 1042,845 Summerview Terrace
Fayth,Galiford,+6 142 286 1574,155 Aberg Crossing
Kincaid,Kennewell,+6 136 679 7913,3799 Clemons Lane
Drugi,Dreus,+6 140 793 7902,981 Barnett Point
Rock,Dyment,+6 122 121 3503,1 Toban Center
Kat,Cheater,+6 110 643 0573,4994 Ohio Park
Devin,Wayne,+6 105 300 3923,1312 Mallard Point
Burnard,Rooney,+6 143 532 4462,97 Farwell Plaza
Cindee,O'Neary,+6 107 482 1970,329 Morning Drive
Robinetta,Keetley,+6 122 821 5584,9 Old Shore Street
Perice,Meharry,+6 105 609 1888,00069 Sommers Terrace
Leisha,Winders,+6 178 680 4769,166 Kingsford Lane
Anson,Lukovic,+6 108 203 6105,68727 Briar Crest Pass
Krystal,Jancey,+6 165 425 1906,13 Drewry Place
Vite,Magnay,+6 141 300 5811,56123 Loftsgordon Park
Clyve,Yuille,+6 127 100 4522,15 Milwaukee Drive
Annette,Maslen,+6 107 835 4249,582 Almo Crossing
Papagena,Hector,+6 143 280 6293,46 Nevada Hill
Florrie,Roome,+6 117 779 1150,7305 Esch Plaza
Jeramie,Goddert.sf,+6 163 600 5564,18612 Stang Avenue
Teresina,Lively,+6 165 195 0771,6 5th Alley
Anna-diane,Blampy,+6 136 845 8573,15 Forest Dale Way
Cornelia,Gravenor,+6 171 806 5300,28 Village Crossing
Nadiya,Walesby,+6 115 189 2806,2251 American Ash Terrace
Christoper,Hazart,+6 113 118 9215,7617 Fair Oaks Road
Terri,Lott,+6 196 454 7354,34 Roxbury Circle
Jillene,Gare,+6 117 228 0501,42 Brickson Park Court
Sergei,Ast,+6 145 987 1552,182 Northland Lane
Alric,Careswell,+6 108 508 5979,377 Mesta Circle
Dimitri,Headech,+6 192 798 6888,419 Buell Way
Mathew,Leipelt,+6 123 493 3885,12 Doe Crossing Place
Glynis,Setford,+6 117 938 6312,123 Hoard Alley
Pris,Biagini,+6 100 957 6872,872 Cherokee Lane
Gauthier,Melbury,+6 113 734 6650,91594 Fuller Terrace
Joye,Eatttok,+6 172 387 5453,21 Homewood Road
Adrianna,Tace,+6 170 810 1978,89 Autumn Leaf Court
Cori,Grumble,+6 127 344 3790,33883 Canary Road
Arleta,Piggott,+6 172 391 3723,89 Arizona Place
Marya,Semarke,+6 192 932 3427,80464 Shelley Way
Ahmed,Sinnatt,+6 140 256 3003,49 Village Green Place
Daphene,Hince,+6 146 428 6192,32841 Upham Court
Anna-diane,Forlong,+6 132 217 0822,686 Heath Place
Mallorie,Hylton,+6 131 269 1294,73155 Ridgeway Crossing
Zenia,Gibbe,+6 174 930 2486,208 Walton Crossing
Maggie,Keerl,+6 176 677 7464,47898 Stephen Center
Hercule,Tutill,+6 159 658 1975,52205 Ohio Trail
Kerry,Gutherson,+6 139 323 0739,4 Anniversary Crossing
Cyndy,Hanhardt,+6 110 185 5606,02 Riverside Road
Fredrick,Larne,+6 177 997 1458,837 Portage Place
Kellen,McMeeking,+6 173 665 0716,49801 Sunbrook Center
Eolande,Eastman,+6 122 876 7899,620 Harbort Point
Crichton,Ellissen,+6 182 798 6749,375 Spohn Crossing
Mick,Seegar,+6 153 331 3015,3456 Katie Plaza
Guthrey,Stoller,+6 153 882 5352,02 Cody Center
Nickolaus,Aberdeen,+6 143 887 9823,35333 Westerfield Alley
Phylys,McGann,+6 153 610 9187,29950 Delladonna Center
Flemming,Stack,+6 192 771 6359,4 Carey Park
Hattie,Londing,+6 165 114 9653,230 Sutteridge Avenue
Bridgette,McKie,+6 156 512 7934,639 Merry Point
Mariel,Magson,+6 101 534 7356,67 Kipling Park
Darrick,Hanley,+6 183 505 1717,349 Kensington Terrace
Vivyanne,Cisson,+6 134 506 7351,87685 Kedzie Pass
Fin,Mawtus,+6 104 554 9363,183 Jana Point
Merissa,Pounder,+6 137 720 1042,3826 Hallows Place
Dalila,Gooch,+6 131 330 8539,1307 Merrick Parkway
Karylin,Carey,+6 116 905 5706,6575 Algoma Park
Corella,MacRory,+6 117 891 8625,211 Clove Lane
Candra,Loughman,+6 110 453 9319,8 Florence Place
Mollie,Farlow,+6 109 714 0777,4 Messerschmidt Trail
Igor,Gaskin,+6 124 951 1417,93 Forest Dale Drive
Lyndsey,Canter,+6 189 207 6964,95631 Kings Plaza
Dasha,Milthorpe,+6 152 606 4989,27949 Vernon Junction
Sebastien,Radborne,+6 137 363 1895,60027 Elmside Drive
Nate,Arnaud,+6 166 947 9529,51349 Dahle Park
Gianni,Pittaway,+6 183 151 9084,75 Pierstorff Hill
Nicolas,Aldritt,+6 155 288 3245,58 Kingsford Terrace
Lynnet,Lardner,+6 193 722 6961,69319 Kropf Road
Phineas,Gon,+6 179 701 1376,78 Kensington Pass
Corliss,Cuthbert,+6 148 676 0520,2 2nd Terrace
Nevin,Jentet,+6 126 650 9088,54387 Maryland Drive
Mathian,Kondratenya,+6 184 608 0996,36 Coleman Point
Farra,Waumsley,+6 166 350 0743,9674 Barby Terrace
Tommi,Hartegan,+6 191 833 5726,9 Cherokee Court
Arlyn,Scad,+6 169 403 7091,44241 Lukken Road
Clovis,Corday,+6 135 325 2605,75646 Nelson Junction
Bernadene,Cockarill,+6 176 267 6530,9062 Barnett Point
Paulo,Sarge,+6 132 645 5022,82626 Larry Parkway
Flem,Murty,+6 178 405 1304,64 Service Center
Barri,Mungan,+6 135 410 2924,85 Cottonwood Lane
Hermine,Shaudfurth,+6 124 359 9245,47968 Columbus Junction
Westley,Pendre,+6 141 793 2229,137 Birchwood Crossing
Katherina,Cambell,+6 156 547 0500,1 Mitchell Park
Bonita,Thorouggood,+6 104 433 7626,5157 Cottonwood Plaza
Ludovico,Plewman,+6 102 549 9271,730 Shoshone Court
Roslyn,Chastenet,+6 197 602 0542,472 Sachtjen Court
Reuven,Stoite,+6 198 715 8580,10469 American Alley
Engracia,Chalke,+6 156 920 7250,9061 Hanson Park
Barr,Sculley,+6 142 790 8175,270 Monterey Drive
Marris,Fullylove,+6 125 633 0210,3 Schiller Park
Claire,Copozio,+6 136 669 9012,7466 Reindahl Hill
Claybourne,Copcutt,+6 175 984 4906,5 Loeprich Crossing
Marissa,Mc Meekan,+6 182 966 1635,01787 Mcbride Trail
Aldis,Mechell,+6 137 887 1274,62379 Grasskamp Circle
Devan,Hobden,+6 127 402 7327,08 Stuart Hill
Therine,Ede,+6 187 114 2698,66 Steensland Avenue
Lowe,Maggi,+6 199 911 1614,449 Onsgard Parkway
Harlin,Inggall,+6 145 901 2026,0669 Packers Park
Mandie,Emery,+6 162 127 6772,12212 Grover Terrace
Adiana,Dugdale,+6 130 975 9770,40 Amoth Trail
Morgana,Kevis,+6 147 876 2303,98 Kensington Pass
Joellyn,BoHlingolsen,+6 120 581 1533,7 Menomonie Parkway
Orrin,Mabbitt,+6 165 693 6336,715 Service Road
Kerwinn,Western,+6 154 863 1760,8 School Center
Ivett,Barzen,+6 142 785 2105,895 Cherokee Way
Wade,Mintoff,+6 135 760 2809,334 Claremont Crossing
Morly,Acton,+6 177 111 5282,919 Eggendart Junction
Juliane,Coggan,+6 189 174 2239,77 Reindahl Court
Elfrieda,Cargill,+6 168 586 8597,83 Wayridge Center
Muffin,Elsop,+6 154 630 5196,75 Grasskamp Avenue
Ethelred,Courtois,+6 165 389 2532,3354 Bashford Place
Burt,Pedgrift,+6 175 897 9951,15466 Corben Circle
Eunice,Loudyan,+6 193 417 0765,98 Twin Pines Plaza
Xenos,Gerhts,+6 162 776 4198,99533 American Road
Armando,Jakab,+6 196 564 0239,505 Ruskin Center
Giacobo,Aglione,+6 121 514 9990,39 Fulton Park
Scarlet,Inott,+6 152 162 2800,213 Harper Junction
Valentino,Morcomb,+6 156 198 7005,2 Blackbird Trail
Syman,Shuxsmith,+6 168 874 3002,18060 Farmco Crossing
Kesley,Collecott,+6 183 110 5248,23 Briar Crest Terrace
Monique,Gladdolph,+6 137 406 9914,97003 Northport Circle
Orin,Olennikov,+6 145 396 1075,08 Calypso Way
Rosaline,Mathwen,+6 149 746 5191,4471 Loftsgordon Court
Felice,Hawyes,+6 149 775 3806,6 Express Circle
Sigfried,Lambricht,+6 137 128 7525,731 Vahlen Trail
Stirling,Bromehed,+6 192 600 6835,839 West Trail
Grazia,Margerrison,+6 113 452 9507,867 South Road
Nanny,Deare,+6 138 586 9782,40 International Junction
Dru,Postlethwaite,+6 125 753 5248,8068 Londonderry Way
Sebastien,Casado,+6 143 627 4802,337 Harbort Court
Joleen,Thurnham,+6 134 797 8210,83627 Lukken Way
Augusto,Loughhead,+6 127 383 3032,79764 Shasta Trail
Marjy,Loughan,+6 151 963 8603,4142 Gulseth Pass
Bill,Fain,+6 157 774 6731,36 Rutledge Circle
Sybille,Baldetti,+6 189 400 3282,6 1st Drive
Leicester,Wiggington,+6 103 804 9953,444 Gulseth Street
Pyotr,Batchelour,+6 175 948 1328,7 Tennessee Alley
Osbert,Tinker,+6 112 127 5696,64415 Boyd Drive
Phillipp,McGillecole,+6 121 358 5256,7595 Sutteridge Avenue
Filbert,Hoggan,+6 108 183 6151,31339 Chinook Circle
Leontyne,Hast,+6 159 600 2828,4050 Forster Avenue
Dorita,Cadell,+6 193 430 3176,38480 Darwin Park
Eamon,Tolomio,+6 158 104 8045,1 Troy Avenue
Orsola,Dulton,+6 108 194 9132,1135 Little Fleur Circle
Caye,Vell,+6 157 942 6879,8453 Scoville Point
Isabella,Mullin,+6 129 635 3408,1573 Havey Point
Ric,Gladwish,+6 196 501 7929,9041 Wayridge Park
Violante,Moran,+6 177 626 2840,26505 Butterfield Park
Ruthy,Torrecilla,+6 195 144 3071,5 Nancy Pass
Bax,Orrice,+6 134 797 6989,42848 Sauthoff Lane
Den,Brambley,+6 126 138 3936,42 Vera Hill
Keary,Izkovici,+6 153 864 2392,651 Vernon Center
Shirley,McLaverty,+6 160 371 7207,979 Logan Street
Wallis,Ingerson,+6 167 742 6899,94579 Vera Terrace
Auroora,Farnon,+6 193 166 4516,41537 Milwaukee Parkway
Elana,Bowman,+6 144 561 6655,67 Lotheville Crossing
Jamie,MacCallister,+6 159 248 1736,14 Darwin Court
Levin,Gareisr,+6 122 466 4045,654 Dovetail Drive
Cosetta,Ivashinnikov,+6 172 620 6910,8474 Riverside Street
Donnajean,Sutherland,+6 101 149 5590,263 Morningstar Way
Pacorro,Vittet,+6 126 562 8812,1 Fisk Road
Sissie,Jermyn,+6 117 170 7984,31 Burrows Place
Paulita,Baurerich,+6 166 449 8503,20399 Sutteridge Court
Doyle,Kirley,+6 158 939 8308,80 Lakeland Drive
Toby,Jellico,+6 173 444 3365,91 School Point
Vania,Gumery,+6 154 685 8257,858 Clyde Gallagher Parkway
Betsey,Blackway,+6 126 757 8235,6 Schiller Place
Vivienne,Barus,+6 106 599 9924,004 High Crossing Drive
Ingram,Gaspar,+6 136 792 7953,6 Merry Drive
Sibeal,Caren,+6 106 311 7907,98911 Tomscot Hill
Candis,Caldron,+6 138 281 7980,94 Oriole Plaza
Nalani,Bussey,+6 142 691 0300,715 Prairieview Alley
Vernon,Drinkhill,+6 163 809 6039,54595 Grover Center
Bone,Sidebotham,+6 184 993 3731,5 Kings Pass
Elonore,Suffe,+6 149 487 4054,9 Sunnyside Park
Gerrie,Jirusek,+6 194 446 0711,3712 Doe Crossing Lane
Ofilia,Ulyatt,+6 194 821 5633,741 Kingsford Hill
Stephani,De Dantesie,+6 139 424 7011,5885 Petterle Crossing
Brita,Bayly,+6 179 584 9427,56263 Mcguire Terrace
Saundra,McGlone,+6 123 901 6980,4 American Center
Waverly,Straine,+6 112 815 4424,90989 Granby Hill
Edy,Croson,+6 181 484 1069,20884 Hermina Road
Yulma,Wolpert,+6 121 608 1725,1 Fairview Drive
Stephie,Fursland,+6 102 348 9486,209 Fair Oaks Park
Jonell,Dagnall,+6 113 974 3423,301 Montana Junction
Billye,Shimwell,+6 139 725 9031,4 Morrow Lane
Rayna,Singh,+6 187 560 7378,2 Bartillon Lane
Lynette,Kislingbury,+6 100 724 0991,7985 Vernon Avenue
Ashton,Lyddiard,+6 126 799 8094,8 Arrowood Terrace
Thomasin,Clericoates,+6 101 125 3318,318 3rd Lane
Harcourt,Gateshill,+6 151 321 7646,1 Orin Plaza
Ryon,Levee,+6 177 979 0439,4 Parkside Terrace
Bunnie,Bendare,+6 138 781 2212,5 Redwing Terrace
Georgina,Caustick,+6 120 225 2357,3 Mockingbird Drive
Rafaelita,Lorincz,+6 107 278 8783,496 Havey Circle
Barbette,Drummond,+6 106 233 8738,536 Lerdahl Hill
Georgie,Doble,+6 155 964 2136,0474 Artisan Center
Vivienne,Jaksic,+6 126 955 3176,0064 Arrowood Place
Cob,Lesley,+6 188 218 1451,605 Sloan Parkway
Clifford,Willcot,+6 149 879 0828,65 Mallory Plaza
Vannie,Arrighi,+6 102 237 4404,91902 Summerview Plaza
Emmy,Dallyn,+6 106 149 9564,29 Ruskin Pass
Donica,Fairtlough,+6 146 331 5486,84715 Manley Park
Ransell,Rainer,+6 163 599 8196,0637 Russell Alley
Deborah,Tomaschke,+6 151 436 2342,692 Summit Street
August,Ruspine,+6 135 645 1833,99321 Elka Place
Noell,Breache,+6 188 460 1948,8 Division Center
Pauline,Glenton,+6 129 562 9410,53687 Katie Circle
Dannie,Guion,+6 187 303 4437,395 Northridge Parkway
Debi,Mixer,+6 184 525 8150,8 Bay Way
Aurore,Balkwill,+6 170 369 4529,1 Norway Maple Hill
Dieter,Caveau,+6 117 776 0641,7692 Anniversary Center
Dell,Wellesley,+6 199 285 2685,262 Green Place
Larina,Malthus,+6 180 157 0947,8 Nevada Trail
Trumann,Leyzell,+6 106 991 5355,075 Hovde Place
Byran,Blowick,+6 169 462 2007,356 Westridge Street
Lydon,Bellchamber,+6 189 816 7720,34299 Bunting Parkway
Carlie,Shoebrook,+6 126 325 4904,41803 Glacier Hill Court
Stesha,Thaw,+6 122 228 2735,759 Lakewood Circle
Nariko,Barthod,+6 132 267 7147,198 Emmet Drive
Karine,Hawk,+6 171 975 1117,455 Haas Alley
Cletis,Iacovo,+6 105 176 1629,5123 Helena Drive
Morgen,Sidry,+6 194 106 3146,072 Hermina Junction
Jackie,Botham,+6 119 639 8548,82 Prairieview Avenue
Cad,Malter,+6 156 451 6301,93 Vermont Street
Pall,Gimlet,+6 135 256 0894,00507 Marquette Hill
Gerhardine,Valler,+6 101 953 7143,2935 Farmco Plaza
Maud,Fatscher,+6 137 455 5466,3087 Sunnyside Hill
Xenia,Preene,+6 167 778 8135,9 Corben Point
Hadlee,Stapforth,+6 128 110 4719,794 Sage Pass
Brooke,De Ambrosi,+6 104 265 9536,6661 Independence Center
Clare,Ivannikov,+6 194 224 3165,417 Waxwing Crossing
Audry,Arnolds,+6 166 846 3678,6 Gale Circle
Bartram,Vennart,+6 191 489 1190,2829 Valley Edge Center
Eadmund,Grealy,+6 106 526 6537,0135 Petterle Junction
Denise,McElrath,+6 129 162 4929,1480 Wayridge Place
Joyous,Beveridge,+6 140 283 3904,6 Anhalt Trail
Marlo,Friend,+6 199 153 5091,46 East Avenue
Trip,Lowrie,+6 149 233 1159,945 Lunder Hill
Rawley,Marston,+6 196 154 5579,2880 Katie Park
Mariam,Dudenie,+6 155 658 3419,63 West Terrace
Rowney,Akker,+6 118 187 5505,9650 Debra Drive
Rosalie,Vigne,+6 106 505 8458,260 Barby Terrace
Grady,Shovelbottom,+6 190 432 1446,2510 Lake View Avenue
Tommie,Woodbridge,+6 118 476 2484,392 Duke Pass
Joanna,Torpie,+6 137 423 9772,06957 Gateway Hill
Elijah,Sandercock,+6 197 107 2578,5 Kenwood Court
Brigid,Toon,+6 175 550 6346,806 Kings Center
Derrick,Saltsberg,+6 158 524 6972,12731 Laurel Plaza
Allys,Larratt,+6 107 773 2622,658 Algoma Center
Rolando,Espie,+6 149 627 6545,4 Chinook Terrace
Kissie,Brosini,+6 152 218 8362,11570 Bellgrove Alley
Nonna,Reyes,+6 110 340 7434,12401 Sage Junction
Thurston,Lovemore,+6 147 778 9555,8076 Hallows Pass
Effie,Twentyman,+6 134 712 0040,488 Warrior Street
Corrine,Balden,+6 171 818 8686,1 Debra Lane
Tammie,Fairleigh,+6 136 608 7575,4 Towne Circle
Ursula,Halburton,+6 158 550 0783,4869 1st Road
Natalya,Cowdry,+6 150 388 8654,9 Dakota Center
Kennie,Peres,+6 199 234 0305,7823 Drewry Trail
Bernardina,Clancy,+6 197 544 3913,342 Portage Alley
Jessica,Meus,+6 122 146 9277,684 Beilfuss Park
Dorolisa,Reason,+6 103 334 8804,32 Ramsey Road
Gertie,Duhig,+6 188 798 2315,42689 Mendota Place
Hatti,Cleminson,+6 159 732 2580,4 Esker Hill
Yevette,Bissex,+6 175 851 3696,74202 Rusk Drive
Barbee,Bickerdicke,+6 170 438 9111,3 Straubel Avenue
Dinnie,Haestier,+6 165 206 0671,3 Forster Road
Loree,Dibbert,+6 131 139 0613,4 Crowley Crossing
Morrie,Boule,+6 116 572 3034,111 Warrior Parkway
Roberto,Baudasso,+6 176 382 0350,89061 Westend Drive
Jocelin,Strank,+6 121 228 5554,74478 Grim Center
Ingunna,Daws,+6 105 540 9273,3538 Fisk Circle
Jewelle,Claxton,+6 147 980 2149,8 John Wall Alley
Henrie,Lammert,+6 185 706 3065,77595 Fairview Junction
Dari,Truscott,+6 186 166 4923,83 Loftsgordon Avenue
Josi,Feldbrin,+6 192 813 4229,64538 Fairfield Drive
Heindrick,Weson,+6 160 715 4884,92 Burning Wood Junction
Ertha,Ogbourne,+6 133 788 5937,64195 Gateway Plaza
Rutledge,Weafer,+6 192 507 7178,86 Dixon Circle
Nerte,Caldecourt,+6 105 286 4757,16831 Trailsway Hill
Allyn,Barter,+6 168 294 2184,2 Kropf Lane
Helen-elizabeth,Sissland,+6 157 102 3469,735 Marquette Park
Erica,Gashion,+6 130 545 2486,3318 Boyd Point
Lenette,Hobson,+6 179 808 6010,69383 Logan Alley
Igor,Edgeley,+6 103 700 2879,482 Grayhawk Parkway
Devlin,Bigadike,+6 177 762 5995,6 Armistice Pass
Bealle,Bonus,+6 105 712 7628,2363 Hoard Circle
Cynthia,Arlt,+6 101 513 7783,82 Cody Place
Chloris,Esmond,+6 136 311 7656,8 Lyons Junction
Rorie,Skellon,+6 158 912 4559,9750 Bultman Terrace
Erny,Albury,+6 127 756 5077,88 Surrey Street
Aprilette,Dows,+6 130 366 2638,7804 Green Ridge Avenue
Avrit,Finker,+6 106 122 7762,29 Annamark Way
Thorn,Pochet,+6 116 483 0359,06 Loomis Park
Zak,Guerin,+6 127 358 5318,74 Bowman Drive
Bronnie,Panswick,+6 185 890 0997,72064 Sunfield Alley
Eunice,Cawsey,+6 199 926 2485,04 Maryland Lane
Gregg,Shervil,+6 100 736 2395,37477 Stoughton Center
Jolie,Kenner,+6 159 230 3266,5577 Thackeray Alley
Norbie,Mogra,+6 150 467 3149,8 Warrior Road
Cam,Codron,+6 166 498 8801,7 Trailsway Plaza
Helenka,Januszewski,+6 130 953 4405,6 Charing Cross Crossing
Clarie,Fewell,+6 147 433 7238,4 Katie Parkway
Alys,Tresvina,+6 186 319 7960,40712 Crowley Alley
Marillin,Haworth,+6 146 384 6501,3 Fair Oaks Trail
Wynnie,Maggi,+6 125 527 3788,66 Anthes Alley
Alberta,Renbold,+6 172 389 9428,2631 Fairfield Circle
Zedekiah,MacGuigan,+6 157 793 5613,663 Paget Pass
Cammi,Filippi,+6 165 140 9389,18 Golf Course Crossing
Arleyne,Morstatt,+6 171 531 4599,0311 Weeping Birch Plaza
Aurelia,Barme,+6 173 227 4195,888 Brentwood Plaza
Pia,Branni,+6 166 339 4495,43937 Vera Alley
Meredith,Bollard,+6 118 700 8920,5699 Carioca Alley
Orsola,Diano,+6 103 227 1151,7 Village Trail
Marjory,Saltmarsh,+6 171 150 9364,160 Logan Circle
Averill,Harback,+6 121 237 1100,64 Old Gate Terrace
Edita,Basey,+6 185 711 7344,5592 Utah Pass
Hinda,Purches,+6 134 922 8862,947 Southridge Center
Oriana,Pedroli,+6 167 586 2029,9661 Sugar Lane
Linda,McVicker,+6 127 256 3332,30119 Washington Crossing
Maurizia,Kelway,+6 138 387 6633,34 Charing Cross Parkway
Ardelis,Blowfelde,+6 192 516 7735,20 Montana Street
Paloma,Anders,+6 122 634 2653,745 Daystar Place
Jody,Bellwood,+6 110 459 5850,89310 Monterey Road
Hunt,Medcraft,+6 190 869 8666,64 Anzinger Junction
Godwin,Bigg,+6 108 607 7176,869 Lyons Way
Salvador,Carruthers,+6 191 444 3634,256 Manitowish Crossing
Jehu,Iddiens,+6 101 774 2214,4859 Tony Pass
Elane,Sharphurst,+6 162 705 5341,1305 Manufacturers Alley
Eadith,Thamelt,+6 169 900 0544,7226 Marcy Plaza
Hastie,Clemow,+6 175 790 9619,7173 Service Trail
Lora,Strodder,+6 180 388 9477,2 Springs Drive
Prudence,Kneeland,+6 159 430 0708,1368 Dapin Road
Ingrid,Misken,+6 189 284 1021,466 Mallory Junction
Timotheus,Adshed,+6 106 635 0582,6367 Bay Avenue
Consalve,Kornacki,+6 199 781 2767,4 Schiller Avenue
Rosemaria,Filipchikov,+6 155 830 7819,86 North Court
Dino,Ebbers,+6 165 230 1788,38300 Nelson Junction
Culley,Halwill,+6 182 604 5160,9248 Elmside Circle
Brina,Dowda,+6 123 515 2148,4388 Mendota Plaza
Brittaney,Ruggiero,+6 155 104 4566,8 Paget Avenue
Bev,Folliss,+6 153 616 3436,578 Hoffman Street
Emilia,Cuseick,+6 169 747 3664,2012 Eliot Place
Cherida,Angrock,+6 144 406 0843,7439 Nobel Place
Costa,Cello,+6 152 760 3207,7 Merchant Park
Camel,Gaskamp,+6 131 336 3137,8 Annamark Hill
Elnar,Ruddlesden,+6 102 156 4036,03740 Washington Way
Vickie,Whitland,+6 106 112 9945,4610 Manufacturers Crossing
Manolo,Collick,+6 116 878 1607,8 Waxwing Point
Parke,Saterthwait,+6 111 582 8280,98567 Kensington Parkway
Misti,Thunnercliff,+6 141 296 1816,613 Mosinee Hill
Diana,Harron,+6 121 540 2323,4 West Pass
Darb,O'Loinn,+6 116 777 7391,96994 Delladonna Alley
Gus,Bolland,+6 145 708 6547,1274 Algoma Alley
Sheela,Meaders,+6 144 347 7644,85872 Bay Terrace
Zolly,Graves,+6 195 800 6697,95035 Helena Plaza
Norri,Hargreave,+6 176 489 3194,98991 School Road
Sunny,Cholwell,+6 139 122 6956,60 Packers Avenue
Carling,Quickenden,+6 116 713 6433,9 Village Green Lane
Freemon,Fredson,+6 124 942 4324,323 Old Shore Plaza
Jeremias,Vernazza,+6 185 433 7738,72 Commercial Drive
Ysabel,Ortsmann,+6 183 660 3622,4449 Boyd Alley
Riane,Fruish,+6 116 110 9019,52787 Fairfield Avenue
Zsa zsa,Goodread,+6 164 553 2521,204 Paget Court
Susanne,Agget,+6 189 973 2839,4 Milwaukee Circle
Durand,Kenelin,+6 197 514 3910,45 Graceland Point
Kleon,Bryden,+6 158 429 0811,9095 Sutherland Point
Caroljean,Faveryear,+6 116 958 7523,5984 Pearson Point
Viva,Jickles,+6 136 613 3185,641 Magdeline Avenue
Dominic,Risso,+6 113 452 1362,33 Northport Court
Maritsa,Atkin,+6 105 101 4861,382 Elmside Avenue
Derick,Bakeup,+6 106 614 7546,464 Rockefeller Park
Brnaby,Giorgiutti,+6 172 338 8469,940 Farragut Point
Liesa,Gawne,+6 198 456 1917,5 Emmet Circle
Bell,Caistor,+6 192 304 3265,18 Badeau Drive
Emmett,Dulieu,+6 177 825 1618,91874 Comanche Parkway
Jaclin,Nipper,+6 136 515 5190,57 Lighthouse Bay Drive
Clevey,Arzu,+6 138 948 5424,8165 Banding Avenue
Trip,Donn,+6 188 330 8244,2 Express Junction
Tammie,Abreheart,+6 102 151 3276,04 School Parkway
Heidie,Pennacci,+6 184 138 9397,4886 South Road
Morgana,Matysik,+6 120 835 9705,26827 Waywood Crossing
Enrichetta,Ronayne,+6 114 628 3646,1045 Lien Road
Elinore,Hackforth,+6 172 298 8311,46 Huxley Crossing
Bay,Sleightholme,+6 129 657 0307,4 Shopko Point
Scotty,Brodnecke,+6 196 736 1280,72853 American Ash Road
Lillis,Perdue,+6 175 621 8037,13646 Oak Street
Amberly,Welbeck,+6 108 374 0255,71 Clyde Gallagher Crossing
Aylmar,Ballentime,+6 127 227 8573,6 Calypso Court
Lonnard,Furnival,+6 153 841 9107,9 Helena Way
Ilka,Marien,+6 170 614 6769,5 Ridge Oak Terrace
Molli,Shinner,+6 164 925 6673,85 Elmside Circle
Modestine,Minto,+6 121 634 7324,4795 Elka Pass
Rosemaria,Euesden,+6 131 128 7430,1789 Kinsman Hill
Berthe,Ziem,+6 120 965 4541,9 Jackson Hill
Magdalene,MacElharge,+6 133 165 9054,874 Valley Edge Drive
Shannah,Talbot,+6 119 818 2031,9143 Morningstar Alley
Lucretia,Loddy,+6 176 771 2248,37227 Elgar Place
Fitzgerald,Olden,+6 101 859 0632,5 Morrow Circle
Rebe,Dillway,+6 191 541 8308,22047 Harbort Drive
Dennison,Lambdean,+6 124 811 5595,29886 Shelley Road
Sigfrid,Heining,+6 132 246 1322,44388 Sunfield Place
Brande,Sheffield,+6 169 781 0103,7 Westridge Point
Allen,Gobeaux,+6 146 459 0899,7 Utah Crossing
Timofei,Camelia,+6 126 919 1653,6815 Coleman Junction
Gustavus,Van Oord,+6 166 896 0470,9 Colorado Plaza
Oby,Cusiter,+6 143 220 1493,25 Amoth Hill
Agnese,Spurdens,+6 165 715 7833,5 Harbort Park
Shanna,Crannage,+6 175 543 1990,08062 Butternut Terrace
Larisa,Giorgi,+6 106 437 8717,3 Colorado Parkway
Cara,McCaighey,+6 133 213 9266,306 Dunning Pass
Robby,McGlone,+6 169 755 6308,375 Macpherson Street
Harriett,Scohier,+6 169 110 3800,16054 Scoville Drive
Jolene,Heathfield,+6 181 972 3179,0553 Nancy Road
Theobald,Swafford,+6 124 260 9254,90498 Hermina Street
Corri,Le Galle,+6 154 551 1267,6270 Corscot Park
Robert,Adan,+6 123 776 0418,68 Melby Plaza
Inglis,Wilkenson,+6 116 912 2922,575 Swallow Road
Ceil,Azema,+6 169 547 5798,5731 Iowa Parkway
Towny,Ollin,+6 122 884 0418,4297 Manufacturers Drive
Garold,Stothart,+6 171 517 8919,31 Ilene Trail
Diandra,Laverty,+6 124 619 6108,75995 Veith Hill
Merrilee,Beglin,+6 132 602 4861,2666 Fremont Street
Rachel,Ghidetti,+6 114 897 8924,38 Village Green Street
Marillin,Vasyutochkin,+6 128 667 3684,14 Pond Hill
Jameson,Tanzig,+6 183 235 2050,21 Di Loreto Way
Troy,McGeraghty,+6 190 609 0816,12 Cascade Park
Berta,Papa,+6 127 655 9758,57 Del Sol Junction
Brew,Robion,+6 134 634 9472,244 Prairieview Circle
Garald,Gawke,+6 197 770 5905,1 Springview Park
Maureene,Riba,+6 147 906 6970,28753 Nevada Point
Broddie,Lowing,+6 140 717 8879,5982 Everett Drive
Bearnard,McGray,+6 100 535 4610,774 Northwestern Plaza
Wainwright,Bifield,+6 107 738 6239,778 Clarendon Alley
Kali,Budibent,+6 161 905 6673,300 Memorial Drive
Hurleigh,Stuart,+6 147 284 9649,806 Ramsey Center
Kettie,Degenhardt,+6 198 468 6727,4623 Commercial Hill
Bartholomew,Halbard,+6 154 668 0193,5 Lillian Crossing
Siegfried,Lashmar,+6 113 382 9148,4652 Columbus Trail
Silvan,McSwan,+6 138 580 2747,43 Fallview Circle
Sidonia,Dey,+6 148 804 2411,150 Garrison Junction
Tanney,Got,+6 185 377 8943,1900 Fisk Center
Quint,Pauling,+6 194 329 1743,92807 Carey Circle
Lindsay,Capaldi,+6 118 747 5667,44528 Center Trail
Hort,Denton,+6 105 274 7323,90186 Union Road
Desiree,Bentje,+6 112 426 0059,9831 Rieder Park
Boniface,Hawford,+6 172 883 8382,87 Ludington Lane
Sollie,Deer,+6 190 461 3719,7688 Fieldstone Road
Leola,Leisk,+6 136 426 3318,13 Comanche Trail
Opal,Ranstead,+6 173 219 0099,9141 Warrior Center
Tammara,Sifleet,+6 153 645 1632,0362 Russell Park
Gene,Bicheno,+6 114 234 9541,9 Merchant Trail
Wyatt,Fearey,+6 196 662 8875,2 Amoth Center
Elfrieda,Houlworth,+6 127 908 2698,458 Sundown Avenue
Ulrike,Locarno,+6 194 834 3841,1 Bartillon Park
Arvin,Reisenstein,+6 139 788 4741,6 Bultman Parkway
Caron,Firth,+6 165 844 4101,131 Hanover Junction
Davie,Wickwarth,+6 181 198 7197,61240 Fairfield Point
Modesty,Venditti,+6 191 466 4116,91426 Lunder Circle
Benjamen,McGarrity,+6 157 127 3186,70 Stephen Road
Agnesse,Olenchenko,+6 115 550 6807,0426 Glendale Street
Alexandrina,Vallack,+6 171 298 3175,16 School Drive
Cody,Wittleton,+6 130 650 8602,66 Meadow Valley Pass
Analiese,Swiggs,+6 195 743 4561,2 Daystar Center
Neddie,McKeowon,+6 188 878 6436,4160 Melody Lane
Eustacia,Kaman,+6 191 174 5411,9 Ilene Place
Virgie,Spehr,+6 178 917 6857,72 Farmco Drive
Ruthy,Riggulsford,+6 150 322 1422,31 Monica Terrace
Marj,Stitch,+6 195 777 4279,604 Buena Vista Street
Locke,Urwen,+6 130 196 4292,551 Mifflin Trail
Justis,McLagan,+6 114 749 4971,02 Rieder Pass
Paxton,Dabels,+6 139 239 5349,3 Bluestem Drive
Penelopa,Laver,+6 152 469 9160,16956 Buell Way
Giselle,Joder,+6 143 827 3463,45 Village Green Alley
Shermy,Stockbridge,+6 131 457 6297,6 Red Cloud Terrace
Alfi,Sidary,+6 191 101 9067,5990 Mandrake Crossing
Anton,Glaisner,+6 185 272 7537,20890 Farragut Road
Sissie,Brickdale,+6 147 796 5583,2 Clyde Gallagher Park
Hettie,Neasham,+6 117 374 9772,11234 Hooker Junction
Rachele,Legon,+6 114 362 3805,288 Myrtle Place
Janela,Bontine,+6 144 373 0926,925 Annamark Lane
